ch	bin	state	ntad
chrX	0	neutral	.
chrX	1	neutral	0
chrX	2	neutral	0
chrX	3	neutral	0
chrX	4	neutral	0
chrX	5	neutral	0
chrX	6	neutral	0
chrX	7	neutral	0
chrX	8	neutral	0
chrX	9	neutral	0
chrX	10	neutral	.
chrX	11	neutral	.
chrX	12	neutral	.
chrX	13	neutral	.
chrX	14	neutral	1
chrX	15	neutral	1
chrX	16	neutral	1
chrX	17	neutral	1
chrX	18	neutral	1
chrX	19	neutral	.
chrX	20	neutral	2
chrX	21	neutral	2
chrX	22	neutral	2
chrX	23	neutral	2
chrX	24	neutral	2
chrX	25	neutral	2
chrX	26	neutral	2
chrX	27	neutral	2
chrX	28	neutral	2
chrX	29	neutral	2
chrX	30	neutral	2
chrX	31	neutral	2
chrX	32	neutral	3
chrX	33	neutral	3
chrX	34	neutral	3
chrX	35	neutral	3
chrX	36	neutral	3
chrX	37	neutral	3
chrX	38	neutral	3
chrX	39	polycomb	4
chrX	40	polycomb	4
chrX	41	polycomb	4
chrX	42	polycomb	4
chrX	43	polycomb	4
chrX	44	polycomb	4
chrX	45	polycomb	4
chrX	46	polycomb	4
chrX	47	polycomb	4
chrX	48	polycomb	4
chrX	49	polycomb	4
chrX	50	polycomb	4
chrX	51	active	5
chrX	52	active	5
chrX	53	active	5
chrX	54	active	5
chrX	55	neutral	6
chrX	56	neutral	6
chrX	57	neutral	6
chrX	58	neutral	6
chrX	59	neutral	6
chrX	60	neutral	6
chrX	61	neutral	6
chrX	62	neutral	6
chrX	63	neutral	6
chrX	64	neutral	6
chrX	65	neutral	6
chrX	66	neutral	7
chrX	67	neutral	7
chrX	68	neutral	7
chrX	69	neutral	7
chrX	70	neutral	7
chrX	71	neutral	8
chrX	72	neutral	8
chrX	73	neutral	8
chrX	74	neutral	8
chrX	75	neutral	8
chrX	76	neutral	8
chrX	77	neutral	8
chrX	78	neutral	8
chrX	79	neutral	8
chrX	80	neutral	8
chrX	81	neutral	8
chrX	82	neutral	8
chrX	83	neutral	9
chrX	84	neutral	9
chrX	85	neutral	9
chrX	86	neutral	9
chrX	87	neutral	9
chrX	88	neutral	9
chrX	89	neutral	9
chrX	90	neutral	9
chrX	91	neutral	9
chrX	92	neutral	9
chrX	93	neutral	.
chrX	94	neutral	.
chrX	95	neutral	.
chrX	96	neutral	.
chrX	97	neutral	10
chrX	98	neutral	10
chrX	99	neutral	10
chrX	100	neutral	10
chrX	101	neutral	10
chrX	102	neutral	10
chrX	103	neutral	10
chrX	104	neutral	10
chrX	105	neutral	10
chrX	106	neutral	10
chrX	107	neutral	10
chrX	108	neutral	10
chrX	109	neutral	10
chrX	110	neutral	10
chrX	111	neutral	11
chrX	112	neutral	11
chrX	113	neutral	11
chrX	114	neutral	11
chrX	115	neutral	11
chrX	116	neutral	11
chrX	117	neutral	11
chrX	118	neutral	12
chrX	119	neutral	12
chrX	120	neutral	12
chrX	121	neutral	12
chrX	122	neutral	12
chrX	123	neutral	12
chrX	124	neutral	12
chrX	125	neutral	12
chrX	126	neutral	13
chrX	127	neutral	13
chrX	128	neutral	13
chrX	129	neutral	13
chrX	130	neutral	13
chrX	131	neutral	13
chrX	132	neutral	13
chrX	133	neutral	13
chrX	134	neutral	13
chrX	135	neutral	13
chrX	136	neutral	13
chrX	137	neutral	14
chrX	138	neutral	14
chrX	139	neutral	14
chrX	140	neutral	14
chrX	141	neutral	14
chrX	142	neutral	14
chrX	143	neutral	14
chrX	144	neutral	14
chrX	145	neutral	14
chrX	146	neutral	14
chrX	147	neutral	14
chrX	148	neutral	14
chrX	149	neutral	14
chrX	150	neutral	15
chrX	151	neutral	15
chrX	152	neutral	15
chrX	153	neutral	15
chrX	154	neutral	15
chrX	155	neutral	16
chrX	156	neutral	16
chrX	157	neutral	16
chrX	158	neutral	16
chrX	159	neutral	16
chrX	160	neutral	16
chrX	161	neutral	16
chrX	162	neutral	16
chrX	163	neutral	16
chrX	164	neutral	16
chrX	165	neutral	16
chrX	166	neutral	16
chrX	167	neutral	17
chrX	168	neutral	17
chrX	169	neutral	17
chrX	170	neutral	17
chrX	171	neutral	17
chrX	172	neutral	17
chrX	173	neutral	17
chrX	174	neutral	17
chrX	175	neutral	17
chrX	176	neutral	18
chrX	177	neutral	18
chrX	178	neutral	18
chrX	179	neutral	18
chrX	180	neutral	18
chrX	181	neutral	18
chrX	182	neutral	18
chrX	183	neutral	19
chrX	184	neutral	19
chrX	185	neutral	19
chrX	186	neutral	19
chrX	187	neutral	19
chrX	188	neutral	19
chrX	189	neutral	19
chrX	190	neutral	20
chrX	191	neutral	20
chrX	192	neutral	20
chrX	193	neutral	20
chrX	194	neutral	20
chrX	195	neutral	20
chrX	196	neutral	20
chrX	197	neutral	20
chrX	198	neutral	21
chrX	199	neutral	21
chrX	200	neutral	21
chrX	201	neutral	21
chrX	202	neutral	21
chrX	203	neutral	21
chrX	204	neutral	22
chrX	205	neutral	22
chrX	206	neutral	22
chrX	207	neutral	22
chrX	208	neutral	22
chrX	209	neutral	22
chrX	210	neutral	22
chrX	211	neutral	22
chrX	212	neutral	22
chrX	213	neutral	22
chrX	214	neutral	22
chrX	215	neutral	22
chrX	216	neutral	23
chrX	217	neutral	23
chrX	218	neutral	23
chrX	219	neutral	23
chrX	220	neutral	23
chrX	221	neutral	23
chrX	222	neutral	23
chrX	223	neutral	24
chrX	224	neutral	24
chrX	225	neutral	24
chrX	226	neutral	24
chrX	227	neutral	24
chrX	228	neutral	24
chrX	229	neutral	24
chrX	230	neutral	24
chrX	231	neutral	24
chrX	232	neutral	24
chrX	233	neutral	24
chrX	234	neutral	25
chrX	235	neutral	25
chrX	236	neutral	25
chrX	237	neutral	25
chrX	238	neutral	25
chrX	239	neutral	25
chrX	240	neutral	25
chrX	241	neutral	25
chrX	242	neutral	25
chrX	243	neutral	25
chrX	244	neutral	25
chrX	245	neutral	25
chrX	246	neutral	25
chrX	247	neutral	25
chrX	248	neutral	26
chrX	249	neutral	26
chrX	250	neutral	26
chrX	251	neutral	26
chrX	252	neutral	26
chrX	253	neutral	26
chrX	254	neutral	26
chrX	255	neutral	27
chrX	256	neutral	27
chrX	257	neutral	27
chrX	258	neutral	27
chrX	259	neutral	27
chrX	260	neutral	27
chrX	261	neutral	27
chrX	262	neutral	27
chrX	263	neutral	27
chrX	264	inactive	28
chrX	265	inactive	28
chrX	266	inactive	28
chrX	267	inactive	28
chrX	268	inactive	28
chrX	269	inactive	28
chrX	270	inactive	28
chrX	271	inactive	28
chrX	272	inactive	28
chrX	273	inactive	28
chrX	274	inactive	28
chrX	275	inactive	28
chrX	276	inactive	28
chrX	277	inactive	28
chrX	278	inactive	28
chrX	279	inactive	28
chrX	280	inactive	28
chrX	281	inactive	28
chrX	282	inactive	28
chrX	283	inactive	28
chrX	284	inactive	28
chrX	285	neutral	29
chrX	286	neutral	29
chrX	287	neutral	29
chrX	288	neutral	29
chrX	289	neutral	29
chrX	290	neutral	29
chrX	291	neutral	29
chrX	292	neutral	29
chrX	293	neutral	29
chrX	294	neutral	29
chrX	295	neutral	29
chrX	296	neutral	29
chrX	297	neutral	29
chrX	298	neutral	29
chrX	299	neutral	29
chrX	300	neutral	29
chrX	301	neutral	29
chrX	302	neutral	29
chrX	303	neutral	.
chrX	304	neutral	.
chrX	305	neutral	.
chrX	306	neutral	30
chrX	307	neutral	30
chrX	308	neutral	30
chrX	309	neutral	30
chrX	310	neutral	30
chrX	311	neutral	30
chrX	312	neutral	30
chrX	313	neutral	30
chrX	314	neutral	30
chrX	315	neutral	30
chrX	316	neutral	30
chrX	317	neutral	30
chrX	318	neutral	30
chrX	319	neutral	30
chrX	320	neutral	30
chrX	321	neutral	30
chrX	322	neutral	30
chrX	323	neutral	31
chrX	324	neutral	31
chrX	325	neutral	31
chrX	326	neutral	31
chrX	327	neutral	31
chrX	328	neutral	31
chrX	329	neutral	31
chrX	330	neutral	31
chrX	331	neutral	31
chrX	332	neutral	31
chrX	333	neutral	31
chrX	334	neutral	31
chrX	335	neutral	31
chrX	336	neutral	31
chrX	337	neutral	32
chrX	338	neutral	32
chrX	339	neutral	32
chrX	340	neutral	32
chrX	341	neutral	32
chrX	342	neutral	32
chrX	343	neutral	32
chrX	344	neutral	32
chrX	345	neutral	32
chrX	346	neutral	32
chrX	347	neutral	32
chrX	348	neutral	32
chrX	349	neutral	.
chrX	350	neutral	.
chrX	351	neutral	33
chrX	352	neutral	33
chrX	353	neutral	33
chrX	354	neutral	33
chrX	355	neutral	33
chrX	356	neutral	33
chrX	357	neutral	33
chrX	358	neutral	33
chrX	359	neutral	33
chrX	360	neutral	33
chrX	361	neutral	34
chrX	362	neutral	34
chrX	363	neutral	34
chrX	364	neutral	34
chrX	365	neutral	34
chrX	366	neutral	34
chrX	367	neutral	34
chrX	368	neutral	34
chrX	369	neutral	35
chrX	370	neutral	35
chrX	371	neutral	35
chrX	372	neutral	35
chrX	373	neutral	35
chrX	374	neutral	35
chrX	375	neutral	35
chrX	376	neutral	36
chrX	377	neutral	36
chrX	378	neutral	36
chrX	379	neutral	36
chrX	380	neutral	36
chrX	381	neutral	36
chrX	382	neutral	36
chrX	383	neutral	36
chrX	384	neutral	36
chrX	385	neutral	36
chrX	386	neutral	37
chrX	387	neutral	37
chrX	388	neutral	37
chrX	389	neutral	37
chrX	390	neutral	37
chrX	391	neutral	37
chrX	392	neutral	37
chrX	393	neutral	37
chrX	394	neutral	37
chrX	395	neutral	37
chrX	396	neutral	37
chrX	397	neutral	37
chrX	398	neutral	37
chrX	399	neutral	37
chrX	400	neutral	38
chrX	401	neutral	38
chrX	402	neutral	38
chrX	403	neutral	38
chrX	404	neutral	38
chrX	405	neutral	38
chrX	406	neutral	38
chrX	407	neutral	38
chrX	408	neutral	38
chrX	409	neutral	38
chrX	410	neutral	38
chrX	411	neutral	39
chrX	412	neutral	39
chrX	413	neutral	39
chrX	414	neutral	39
chrX	415	neutral	39
chrX	416	neutral	39
chrX	417	neutral	39
chrX	418	neutral	39
chrX	419	neutral	39
chrX	420	neutral	39
chrX	421	neutral	39
chrX	422	neutral	39
chrX	423	neutral	39
chrX	424	neutral	39
chrX	425	neutral	40
chrX	426	neutral	40
chrX	427	neutral	40
chrX	428	neutral	40
chrX	429	neutral	40
chrX	430	polycomb	41
chrX	431	polycomb	41
chrX	432	polycomb	41
chrX	433	polycomb	41
chrX	434	polycomb	41
chrX	435	polycomb	41
chrX	436	polycomb	41
chrX	437	polycomb	41
chrX	438	polycomb	41
chrX	439	polycomb	41
chrX	440	polycomb	41
chrX	441	polycomb	41
chrX	442	polycomb	41
chrX	443	polycomb	42
chrX	444	polycomb	42
chrX	445	polycomb	42
chrX	446	polycomb	42
chrX	447	polycomb	42
chrX	448	polycomb	42
chrX	449	polycomb	42
chrX	450	polycomb	42
chrX	451	polycomb	42
chrX	452	polycomb	42
chrX	453	polycomb	42
chrX	454	polycomb	42
chrX	455	polycomb	42
chrX	456	neutral	43
chrX	457	neutral	43
chrX	458	neutral	43
chrX	459	neutral	43
chrX	460	neutral	43
chrX	461	neutral	43
chrX	462	neutral	.
chrX	463	neutral	44
chrX	464	neutral	44
chrX	465	neutral	44
chrX	466	neutral	44
chrX	467	neutral	44
chrX	468	neutral	44
chrX	469	neutral	44
chrX	470	neutral	44
chrX	471	neutral	44
chrX	472	neutral	44
chrX	473	neutral	44
chrX	474	neutral	44
chrX	475	neutral	44
chrX	476	neutral	44
chrX	477	neutral	44
chrX	478	neutral	44
chrX	479	neutral	44
chrX	480	active	45
chrX	481	active	45
chrX	482	active	45
chrX	483	active	45
chrX	484	active	45
chrX	485	neutral	46
chrX	486	neutral	46
chrX	487	neutral	46
chrX	488	neutral	46
chrX	489	neutral	46
chrX	490	neutral	46
chrX	491	neutral	46
chrX	492	neutral	46
chrX	493	neutral	46
chrX	494	neutral	46
chrX	495	neutral	46
chrX	496	neutral	46
chrX	497	neutral	46
chrX	498	neutral	46
chrX	499	neutral	.
chrX	500	neutral	47
chrX	501	neutral	47
chrX	502	neutral	47
chrX	503	neutral	47
chrX	504	neutral	.
chrX	505	neutral	.
chrX	506	neutral	48
chrX	507	neutral	48
chrX	508	neutral	48
chrX	509	neutral	48
chrX	510	neutral	48
chrX	511	neutral	48
chrX	512	neutral	48
chrX	513	neutral	48
chrX	514	neutral	48
chrX	515	neutral	48
chrX	516	neutral	48
chrX	517	neutral	48
chrX	518	neutral	49
chrX	519	neutral	49
chrX	520	neutral	49
chrX	521	neutral	49
chrX	522	neutral	50
chrX	523	neutral	50
chrX	524	neutral	50
chrX	525	neutral	50
chrX	526	neutral	50
chrX	527	neutral	50
chrX	528	neutral	50
chrX	529	neutral	50
chrX	530	neutral	50
chrX	531	neutral	50
chrX	532	neutral	51
chrX	533	neutral	51
chrX	534	neutral	51
chrX	535	neutral	51
chrX	536	neutral	51
chrX	537	neutral	51
chrX	538	neutral	51
chrX	539	neutral	51
chrX	540	neutral	51
chrX	541	neutral	51
chrX	542	polycomb	52
chrX	543	polycomb	52
chrX	544	polycomb	52
chrX	545	polycomb	52
chrX	546	polycomb	52
chrX	547	polycomb	52
chrX	548	polycomb	52
chrX	549	polycomb	52
chrX	550	polycomb	52
chrX	551	neutral	53
chrX	552	neutral	53
chrX	553	neutral	53
chrX	554	neutral	53
chrX	555	neutral	53
chrX	556	neutral	53
chrX	557	neutral	53
chrX	558	neutral	53
chrX	559	neutral	54
chrX	560	neutral	54
chrX	561	neutral	54
chrX	562	neutral	54
chrX	563	neutral	54
chrX	564	neutral	54
chrX	565	neutral	54
chrX	566	neutral	55
chrX	567	neutral	55
chrX	568	neutral	55
chrX	569	neutral	55
chrX	570	neutral	55
chrX	571	neutral	55
chrX	572	neutral	55
chrX	573	neutral	55
chrX	574	neutral	55
chrX	575	neutral	55
chrX	576	neutral	55
chrX	577	neutral	56
chrX	578	neutral	56
chrX	579	neutral	56
chrX	580	neutral	56
chrX	581	neutral	57
chrX	582	neutral	57
chrX	583	neutral	57
chrX	584	neutral	57
chrX	585	neutral	57
chrX	586	neutral	57
chrX	587	neutral	57
chrX	588	neutral	58
chrX	589	neutral	58
chrX	590	neutral	58
chrX	591	neutral	58
chrX	592	neutral	58
chrX	593	neutral	58
chrX	594	neutral	58
chrX	595	neutral	58
chrX	596	neutral	58
chrX	597	neutral	58
chrX	598	neutral	59
chrX	599	neutral	59
chrX	600	neutral	59
chrX	601	neutral	59
chrX	602	neutral	59
chrX	603	neutral	59
chrX	604	neutral	59
chrX	605	neutral	59
chrX	606	neutral	59
chrX	607	neutral	59
chrX	608	neutral	59
chrX	609	neutral	59
chrX	610	neutral	59
chrX	611	neutral	59
chrX	612	neutral	60
chrX	613	neutral	60
chrX	614	neutral	60
chrX	615	neutral	60
chrX	616	neutral	60
chrX	617	neutral	60
chrX	618	neutral	60
chrX	619	neutral	61
chrX	620	neutral	61
chrX	621	neutral	61
chrX	622	neutral	61
chrX	623	neutral	61
chrX	624	neutral	61
chrX	625	neutral	61
chrX	626	neutral	62
chrX	627	neutral	62
chrX	628	neutral	62
chrX	629	neutral	62
chrX	630	neutral	62
chrX	631	neutral	62
chrX	632	neutral	62
chrX	633	neutral	62
chrX	634	neutral	62
chrX	635	neutral	62
chrX	636	neutral	62
chrX	637	neutral	62
chrX	638	neutral	62
chrX	639	neutral	62
chrX	640	neutral	62
chrX	641	neutral	62
chrX	642	neutral	63
chrX	643	neutral	63
chrX	644	neutral	63
chrX	645	neutral	63
chrX	646	neutral	63
chrX	647	neutral	63
chrX	648	neutral	63
chrX	649	neutral	64
chrX	650	neutral	64
chrX	651	neutral	64
chrX	652	neutral	64
chrX	653	neutral	64
chrX	654	neutral	64
chrX	655	neutral	64
chrX	656	neutral	.
chrX	657	neutral	.
chrX	658	neutral	.
chrX	659	neutral	65
chrX	660	neutral	65
chrX	661	neutral	65
chrX	662	neutral	65
chrX	663	neutral	65
chrX	664	neutral	65
chrX	665	neutral	66
chrX	666	neutral	66
chrX	667	neutral	66
chrX	668	neutral	66
chrX	669	neutral	66
chrX	670	neutral	66
chrX	671	neutral	66
chrX	672	neutral	66
chrX	673	neutral	66
chrX	674	neutral	.
chrX	675	neutral	.
chrX	676	neutral	.
chrX	677	neutral	67
chrX	678	neutral	67
chrX	679	neutral	67
chrX	680	neutral	67
chrX	681	neutral	67
chrX	682	neutral	67
chrX	683	neutral	67
chrX	684	neutral	67
chrX	685	neutral	67
chrX	686	neutral	67
chrX	687	neutral	68
chrX	688	neutral	68
chrX	689	neutral	68
chrX	690	neutral	68
chrX	691	neutral	69
chrX	692	neutral	69
chrX	693	neutral	69
chrX	694	neutral	69
chrX	695	neutral	69
chrX	696	neutral	69
chrX	697	neutral	69
chrX	698	neutral	69
chrX	699	neutral	69
chrX	700	neutral	.
chrX	701	neutral	.
chrX	702	neutral	.
chrX	703	neutral	70
chrX	704	neutral	70
chrX	705	neutral	70
chrX	706	neutral	70
chrX	707	neutral	70
chrX	708	neutral	70
chrX	709	neutral	70
chrX	710	neutral	70
chrX	711	neutral	70
chrX	712	neutral	70
chrX	713	neutral	70
chrX	714	neutral	70
chrX	715	neutral	70
chrX	716	neutral	70
chrX	717	neutral	70
chrX	718	neutral	71
chrX	719	neutral	71
chrX	720	neutral	71
chrX	721	neutral	71
chrX	722	inactive	72
chrX	723	inactive	72
chrX	724	inactive	72
chrX	725	inactive	72
chrX	726	inactive	72
chrX	727	inactive	72
chrX	728	inactive	72
chrX	729	inactive	72
chrX	730	inactive	72
chrX	731	inactive	72
chrX	732	inactive	72
chrX	733	inactive	72
chrX	734	inactive	72
chrX	735	inactive	72
chrX	736	inactive	72
chrX	737	inactive	72
chrX	738	inactive	72
chrX	739	inactive	72
chrX	740	neutral	73
chrX	741	neutral	73
chrX	742	neutral	73
chrX	743	neutral	73
chrX	744	neutral	73
chrX	745	neutral	73
chrX	746	neutral	73
chrX	747	neutral	73
chrX	748	neutral	73
chrX	749	neutral	73
chrX	750	neutral	73
chrX	751	neutral	73
chrX	752	neutral	73
chrX	753	neutral	73
chrX	754	neutral	73
chrX	755	neutral	74
chrX	756	neutral	74
chrX	757	neutral	74
chrX	758	neutral	74
chrX	759	neutral	74
chrX	760	neutral	74
chrX	761	neutral	74
chrX	762	neutral	74
chrX	763	neutral	75
chrX	764	neutral	75
chrX	765	neutral	75
chrX	766	neutral	75
chrX	767	neutral	75
chrX	768	neutral	75
chrX	769	neutral	75
chrX	770	neutral	75
chrX	771	neutral	75
chrX	772	neutral	75
chrX	773	neutral	75
chrX	774	neutral	75
chrX	775	neutral	75
chrX	776	neutral	75
chrX	777	neutral	75
chrX	778	neutral	75
chrX	779	neutral	76
chrX	780	neutral	76
chrX	781	neutral	76
chrX	782	neutral	76
chrX	783	neutral	76
chrX	784	neutral	76
chrX	785	neutral	76
chrX	786	neutral	77
chrX	787	neutral	77
chrX	788	neutral	77
chrX	789	neutral	77
chrX	790	neutral	77
chrX	791	neutral	77
chrX	792	neutral	77
chrX	793	neutral	77
chrX	794	neutral	77
chrX	795	neutral	78
chrX	796	neutral	78
chrX	797	neutral	78
chrX	798	neutral	78
chrX	799	neutral	78
chrX	800	neutral	78
chrX	801	neutral	78
chrX	802	neutral	78
chrX	803	neutral	79
chrX	804	neutral	79
chrX	805	neutral	79
chrX	806	neutral	79
chrX	807	neutral	79
chrX	808	neutral	79
chrX	809	neutral	80
chrX	810	neutral	80
chrX	811	neutral	80
chrX	812	neutral	80
chrX	813	neutral	80
chrX	814	neutral	81
chrX	815	neutral	81
chrX	816	neutral	81
chrX	817	neutral	81
chrX	818	neutral	81
chrX	819	neutral	81
chrX	820	neutral	81
chrX	821	neutral	81
chrX	822	neutral	81
chrX	823	neutral	81
chrX	824	neutral	81
chrX	825	neutral	81
chrX	826	neutral	81
chrX	827	neutral	81
chrX	828	neutral	81
chrX	829	neutral	82
chrX	830	neutral	82
chrX	831	neutral	82
chrX	832	neutral	82
chrX	833	neutral	83
chrX	834	neutral	83
chrX	835	neutral	83
chrX	836	neutral	83
chrX	837	neutral	83
chrX	838	neutral	83
chrX	839	neutral	83
chrX	840	neutral	83
chrX	841	neutral	83
chrX	842	neutral	83
chrX	843	neutral	83
chrX	844	neutral	83
chrX	845	neutral	84
chrX	846	neutral	84
chrX	847	neutral	84
chrX	848	neutral	84
chrX	849	neutral	84
chrX	850	polycomb	85
chrX	851	polycomb	85
chrX	852	polycomb	85
chrX	853	polycomb	85
chrX	854	polycomb	85
chrX	855	polycomb	85
chrX	856	polycomb	85
chrX	857	neutral	86
chrX	858	neutral	86
chrX	859	neutral	86
chrX	860	neutral	86
chrX	861	neutral	87
chrX	862	neutral	87
chrX	863	neutral	87
chrX	864	neutral	87
chrX	865	neutral	87
chrX	866	neutral	87
chrX	867	neutral	87
chrX	868	neutral	87
chrX	869	neutral	87
chrX	870	neutral	87
chrX	871	neutral	87
chrX	872	neutral	87
chrX	873	neutral	87
chrX	874	neutral	87
chrX	875	neutral	87
chrX	876	neutral	88
chrX	877	neutral	88
chrX	878	neutral	88
chrX	879	neutral	88
chrX	880	neutral	89
chrX	881	neutral	89
chrX	882	neutral	89
chrX	883	neutral	89
chrX	884	neutral	89
chrX	885	neutral	89
chrX	886	neutral	89
chrX	887	neutral	89
chrX	888	neutral	89
chrX	889	neutral	89
chrX	890	neutral	89
chrX	891	neutral	89
chrX	892	neutral	89
chrX	893	neutral	90
chrX	894	neutral	90
chrX	895	neutral	90
chrX	896	neutral	90
chrX	897	neutral	90
chrX	898	neutral	91
chrX	899	neutral	91
chrX	900	neutral	91
chrX	901	neutral	91
chrX	902	neutral	91
chrX	903	neutral	91
chrX	904	neutral	91
chrX	905	neutral	92
chrX	906	neutral	92
chrX	907	neutral	92
chrX	908	neutral	92
chrX	909	neutral	92
chrX	910	neutral	92
chrX	911	neutral	92
chrX	912	neutral	92
chrX	913	neutral	92
chrX	914	neutral	93
chrX	915	neutral	93
chrX	916	neutral	93
chrX	917	neutral	93
chrX	918	neutral	93
chrX	919	neutral	93
chrX	920	neutral	93
chrX	921	neutral	93
chrX	922	neutral	93
chrX	923	neutral	93
chrX	924	neutral	93
chrX	925	neutral	94
chrX	926	neutral	94
chrX	927	neutral	94
chrX	928	neutral	94
chrX	929	neutral	94
chrX	930	neutral	94
chrX	931	neutral	94
chrX	932	neutral	94
chrX	933	neutral	94
chrX	934	neutral	94
chrX	935	neutral	94
chrX	936	neutral	94
chrX	937	neutral	94
chrX	938	neutral	94
chrX	939	neutral	94
chrX	940	neutral	94
chrX	941	neutral	94
chrX	942	neutral	94
chrX	943	neutral	94
chrX	944	neutral	95
chrX	945	neutral	95
chrX	946	neutral	95
chrX	947	neutral	95
chrX	948	neutral	95
chrX	949	neutral	95
chrX	950	neutral	96
chrX	951	neutral	96
chrX	952	neutral	96
chrX	953	neutral	96
chrX	954	neutral	96
chrX	955	neutral	96
chrX	956	neutral	96
chrX	957	neutral	96
chrX	958	polycomb	97
chrX	959	polycomb	97
chrX	960	polycomb	97
chrX	961	polycomb	97
chrX	962	polycomb	97
chrX	963	polycomb	97
chrX	964	polycomb	97
chrX	965	polycomb	97
chrX	966	polycomb	97
chrX	967	polycomb	97
chrX	968	polycomb	97
chrX	969	neutral	.
chrX	970	neutral	98
chrX	971	neutral	98
chrX	972	neutral	98
chrX	973	neutral	98
chrX	974	neutral	98
chrX	975	neutral	98
chrX	976	neutral	98
chrX	977	neutral	99
chrX	978	neutral	99
chrX	979	neutral	99
chrX	980	neutral	99
chrX	981	neutral	99
chrX	982	neutral	99
chrX	983	neutral	99
chrX	984	neutral	99
chrX	985	neutral	99
chrX	986	neutral	99
chrX	987	neutral	99
chrX	988	neutral	99
chrX	989	neutral	99
chrX	990	neutral	100
chrX	991	neutral	100
chrX	992	neutral	100
chrX	993	neutral	100
chrX	994	neutral	100
chrX	995	neutral	100
chrX	996	neutral	100
chrX	997	neutral	100
chrX	998	neutral	100
chrX	999	neutral	.
chrX	1000	neutral	101
chrX	1001	neutral	101
chrX	1002	neutral	101
chrX	1003	neutral	101
chrX	1004	neutral	101
chrX	1005	neutral	101
chrX	1006	neutral	101
chrX	1007	neutral	101
chrX	1008	neutral	101
chrX	1009	neutral	101
chrX	1010	neutral	102
chrX	1011	neutral	102
chrX	1012	neutral	102
chrX	1013	neutral	102
chrX	1014	neutral	102
chrX	1015	neutral	102
chrX	1016	neutral	.
chrX	1017	neutral	103
chrX	1018	neutral	103
chrX	1019	neutral	103
chrX	1020	neutral	103
chrX	1021	neutral	103
chrX	1022	neutral	103
chrX	1023	neutral	103
chrX	1024	neutral	.
chrX	1025	neutral	104
chrX	1026	neutral	104
chrX	1027	neutral	104
chrX	1028	neutral	104
chrX	1029	neutral	104
chrX	1030	neutral	104
chrX	1031	neutral	104
chrX	1032	neutral	104
chrX	1033	neutral	104
chrX	1034	neutral	104
chrX	1035	neutral	104
chrX	1036	neutral	104
chrX	1037	neutral	105
chrX	1038	neutral	105
chrX	1039	neutral	105
chrX	1040	neutral	105
chrX	1041	neutral	105
chrX	1042	neutral	105
chrX	1043	neutral	105
chrX	1044	neutral	105
chrX	1045	neutral	105
chrX	1046	neutral	105
chrX	1047	neutral	105
chrX	1048	neutral	105
chrX	1049	neutral	106
chrX	1050	neutral	106
chrX	1051	neutral	106
chrX	1052	neutral	106
chrX	1053	neutral	106
chrX	1054	neutral	106
chrX	1055	neutral	106
chrX	1056	neutral	106
chrX	1057	neutral	106
chrX	1058	neutral	.
chrX	1059	neutral	107
chrX	1060	neutral	107
chrX	1061	neutral	107
chrX	1062	neutral	107
chrX	1063	neutral	107
chrX	1064	neutral	107
chrX	1065	neutral	107
chrX	1066	neutral	108
chrX	1067	neutral	108
chrX	1068	neutral	108
chrX	1069	neutral	108
chrX	1070	neutral	108
chrX	1071	neutral	108
chrX	1072	neutral	108
chrX	1073	neutral	108
chrX	1074	neutral	109
chrX	1075	neutral	109
chrX	1076	neutral	109
chrX	1077	neutral	109
chrX	1078	neutral	109
chrX	1079	neutral	110
chrX	1080	neutral	110
chrX	1081	neutral	110
chrX	1082	neutral	110
chrX	1083	neutral	110
chrX	1084	neutral	110
chrX	1085	neutral	110
chrX	1086	neutral	110
chrX	1087	neutral	110
chrX	1088	neutral	110
chrX	1089	neutral	110
chrX	1090	neutral	110
chrX	1091	neutral	110
chrX	1092	neutral	110
chrX	1093	neutral	110
chrX	1094	neutral	110
chrX	1095	neutral	110
chrX	1096	neutral	110
chrX	1097	neutral	110
chrX	1098	active	111
chrX	1099	active	111
chrX	1100	active	111
chrX	1101	active	111
chrX	1102	active	111
chrX	1103	active	111
chrX	1104	active	111
chrX	1105	neutral	.
chrX	1106	neutral	.
chrX	1107	neutral	.
chrX	1108	neutral	.
chrX	1109	neutral	112
chrX	1110	neutral	112
chrX	1111	neutral	112
chrX	1112	neutral	112
chrX	1113	neutral	112
chrX	1114	neutral	112
chrX	1115	neutral	112
chrX	1116	neutral	112
chrX	1117	neutral	112
chrX	1118	neutral	112
chrX	1119	neutral	112
chrX	1120	neutral	112
chrX	1121	neutral	112
chrX	1122	neutral	113
chrX	1123	neutral	113
chrX	1124	neutral	113
chrX	1125	neutral	113
chrX	1126	neutral	114
chrX	1127	neutral	114
chrX	1128	neutral	114
chrX	1129	neutral	114
chrX	1130	neutral	114
chrX	1131	neutral	114
chrX	1132	neutral	114
chrX	1133	neutral	114
chrX	1134	neutral	114
chrX	1135	neutral	115
chrX	1136	neutral	115
chrX	1137	neutral	115
chrX	1138	neutral	115
chrX	1139	neutral	115
chrX	1140	neutral	115
chrX	1141	neutral	115
chrX	1142	neutral	115
chrX	1143	neutral	115
chrX	1144	neutral	115
chrX	1145	neutral	.
chrX	1146	neutral	.
chrX	1147	neutral	.
chrX	1148	neutral	.
chrX	1149	neutral	116
chrX	1150	neutral	116
chrX	1151	neutral	116
chrX	1152	neutral	116
chrX	1153	neutral	116
chrX	1154	neutral	116
chrX	1155	neutral	116
chrX	1156	neutral	116
chrX	1157	neutral	116
chrX	1158	neutral	116
chrX	1159	neutral	117
chrX	1160	neutral	117
chrX	1161	neutral	117
chrX	1162	neutral	117
chrX	1163	neutral	.
chrX	1164	neutral	.
chrX	1165	neutral	118
chrX	1166	neutral	118
chrX	1167	neutral	118
chrX	1168	neutral	118
chrX	1169	neutral	118
chrX	1170	neutral	119
chrX	1171	neutral	119
chrX	1172	neutral	119
chrX	1173	neutral	119
chrX	1174	neutral	119
chrX	1175	neutral	119
chrX	1176	neutral	119
chrX	1177	neutral	119
chrX	1178	neutral	120
chrX	1179	neutral	120
chrX	1180	neutral	120
chrX	1181	neutral	120
chrX	1182	neutral	120
chrX	1183	neutral	120
chrX	1184	neutral	120
chrX	1185	neutral	120
chrX	1186	neutral	120
chrX	1187	neutral	120
chrX	1188	neutral	120
chrX	1189	neutral	120
chrX	1190	neutral	.
chrX	1191	neutral	.
chrX	1192	neutral	.
chrX	1193	neutral	121
chrX	1194	neutral	121
chrX	1195	neutral	121
chrX	1196	neutral	121
chrX	1197	neutral	121
chrX	1198	neutral	121
chrX	1199	neutral	121
chrX	1200	neutral	121
chrX	1201	neutral	121
chrX	1202	neutral	121
chrX	1203	neutral	121
chrX	1204	neutral	121
chrX	1205	neutral	121
chrX	1206	neutral	.
chrX	1207	neutral	122
chrX	1208	neutral	122
chrX	1209	neutral	122
chrX	1210	neutral	122
chrX	1211	neutral	122
chrX	1212	neutral	122
chrX	1213	neutral	122
chrX	1214	neutral	122
chrX	1215	neutral	122
chrX	1216	neutral	123
chrX	1217	neutral	123
chrX	1218	neutral	123
chrX	1219	neutral	123
chrX	1220	neutral	123
chrX	1221	neutral	123
chrX	1222	neutral	123
chrX	1223	neutral	124
chrX	1224	neutral	124
chrX	1225	neutral	124
chrX	1226	neutral	124
chrX	1227	neutral	124
chrX	1228	neutral	124
chrX	1229	neutral	124
chrX	1230	neutral	124
chrX	1231	neutral	124
chrX	1232	neutral	124
chrX	1233	neutral	124
chrX	1234	neutral	124
chrX	1235	neutral	124
chrX	1236	neutral	125
chrX	1237	neutral	125
chrX	1238	neutral	125
chrX	1239	neutral	125
chrX	1240	neutral	125
chrX	1241	neutral	125
chrX	1242	neutral	125
chrX	1243	neutral	125
chrX	1244	neutral	125
chrX	1245	neutral	125
chrX	1246	neutral	125
chrX	1247	neutral	125
chrX	1248	neutral	126
chrX	1249	neutral	126
chrX	1250	neutral	126
chrX	1251	neutral	126
chrX	1252	neutral	126
chrX	1253	neutral	126
chrX	1254	neutral	126
chrX	1255	neutral	127
chrX	1256	neutral	127
chrX	1257	neutral	127
chrX	1258	neutral	127
chrX	1259	neutral	127
chrX	1260	neutral	127
chrX	1261	neutral	127
chrX	1262	neutral	127
chrX	1263	neutral	127
chrX	1264	neutral	127
chrX	1265	neutral	127
chrX	1266	neutral	128
chrX	1267	neutral	128
chrX	1268	neutral	128
chrX	1269	neutral	128
chrX	1270	neutral	128
chrX	1271	neutral	128
chrX	1272	neutral	128
chrX	1273	neutral	128
chrX	1274	neutral	128
chrX	1275	neutral	128
chrX	1276	neutral	128
chrX	1277	neutral	128
chrX	1278	neutral	128
chrX	1279	neutral	128
chrX	1280	neutral	.
chrX	1281	neutral	.
chrX	1282	neutral	.
chrX	1283	neutral	129
chrX	1284	neutral	129
chrX	1285	neutral	129
chrX	1286	neutral	129
chrX	1287	neutral	129
chrX	1288	neutral	129
chrX	1289	neutral	129
chrX	1290	neutral	129
chrX	1291	neutral	129
chrX	1292	neutral	129
chrX	1293	neutral	129
chrX	1294	neutral	129
chrX	1295	neutral	129
chrX	1296	neutral	129
chrX	1297	neutral	129
chrX	1298	neutral	130
chrX	1299	neutral	130
chrX	1300	neutral	130
chrX	1301	neutral	130
chrX	1302	neutral	130
chrX	1303	neutral	130
chrX	1304	neutral	130
chrX	1305	neutral	130
chrX	1306	neutral	130
chrX	1307	neutral	.
chrX	1308	neutral	131
chrX	1309	neutral	131
chrX	1310	neutral	131
chrX	1311	neutral	131
chrX	1312	neutral	131
chrX	1313	neutral	131
chrX	1314	neutral	131
chrX	1315	neutral	131
chrX	1316	neutral	131
chrX	1317	neutral	131
chrX	1318	neutral	132
chrX	1319	neutral	132
chrX	1320	neutral	132
chrX	1321	neutral	132
chrX	1322	neutral	132
chrX	1323	neutral	133
chrX	1324	neutral	133
chrX	1325	neutral	133
chrX	1326	neutral	133
chrX	1327	neutral	133
chrX	1328	neutral	.
chrX	1329	neutral	.
chrX	1330	neutral	.
chrX	1331	neutral	134
chrX	1332	neutral	134
chrX	1333	neutral	134
chrX	1334	neutral	134
chrX	1335	neutral	134
chrX	1336	neutral	134
chrX	1337	neutral	134
chrX	1338	neutral	134
chrX	1339	neutral	134
chrX	1340	neutral	134
chrX	1341	neutral	134
chrX	1342	neutral	134
chrX	1343	neutral	134
chrX	1344	neutral	134
chrX	1345	neutral	134
chrX	1346	neutral	135
chrX	1347	neutral	135
chrX	1348	neutral	135
chrX	1349	neutral	135
chrX	1350	neutral	136
chrX	1351	neutral	136
chrX	1352	neutral	136
chrX	1353	neutral	136
chrX	1354	neutral	136
chrX	1355	neutral	136
chrX	1356	neutral	137
chrX	1357	neutral	137
chrX	1358	neutral	137
chrX	1359	neutral	137
chrX	1360	neutral	137
chrX	1361	neutral	137
chrX	1362	neutral	137
chrX	1363	neutral	137
chrX	1364	neutral	138
chrX	1365	neutral	138
chrX	1366	neutral	138
chrX	1367	neutral	138
chrX	1368	neutral	138
chrX	1369	neutral	138
chrX	1370	neutral	138
chrX	1371	neutral	138
chrX	1372	neutral	138
chrX	1373	neutral	138
chrX	1374	neutral	139
chrX	1375	neutral	139
chrX	1376	neutral	139
chrX	1377	neutral	139
chrX	1378	neutral	139
chrX	1379	neutral	139
chrX	1380	neutral	139
chrX	1381	neutral	139
chrX	1382	neutral	139
chrX	1383	neutral	139
chrX	1384	neutral	139
chrX	1385	neutral	139
chrX	1386	neutral	139
chrX	1387	neutral	139
chrX	1388	neutral	140
chrX	1389	neutral	140
chrX	1390	neutral	140
chrX	1391	neutral	140
chrX	1392	neutral	140
chrX	1393	neutral	140
chrX	1394	neutral	140
chrX	1395	neutral	140
chrX	1396	neutral	140
chrX	1397	neutral	140
chrX	1398	neutral	140
chrX	1399	neutral	140
chrX	1400	neutral	.
chrX	1401	neutral	141
chrX	1402	neutral	141
chrX	1403	neutral	141
chrX	1404	neutral	141
chrX	1405	neutral	141
chrX	1406	neutral	141
chrX	1407	neutral	141
chrX	1408	neutral	141
chrX	1409	neutral	141
chrX	1410	neutral	142
chrX	1411	neutral	142
chrX	1412	neutral	142
chrX	1413	neutral	142
chrX	1414	neutral	142
chrX	1415	neutral	142
chrX	1416	neutral	142
chrX	1417	neutral	.
chrX	1418	neutral	143
chrX	1419	neutral	143
chrX	1420	neutral	143
chrX	1421	neutral	143
chrX	1422	neutral	143
chrX	1423	neutral	143
chrX	1424	neutral	143
chrX	1425	neutral	143
chrX	1426	neutral	143
chrX	1427	neutral	143
chrX	1428	neutral	143
chrX	1429	neutral	.
chrX	1430	neutral	.
chrX	1431	neutral	.
chrX	1432	neutral	144
chrX	1433	neutral	144
chrX	1434	neutral	144
chrX	1435	neutral	144
chrX	1436	neutral	144
chrX	1437	neutral	144
chrX	1438	neutral	144
chrX	1439	neutral	144
chrX	1440	neutral	144
chrX	1441	neutral	144
chrX	1442	neutral	144
chrX	1443	neutral	144
chrX	1444	neutral	144
chrX	1445	neutral	.
chrX	1446	neutral	145
chrX	1447	neutral	145
chrX	1448	neutral	145
chrX	1449	neutral	145
chrX	1450	neutral	146
chrX	1451	neutral	146
chrX	1452	neutral	146
chrX	1453	neutral	146
chrX	1454	neutral	146
chrX	1455	neutral	146
chrX	1456	neutral	146
chrX	1457	neutral	146
chrX	1458	neutral	146
chrX	1459	neutral	146
chrX	1460	neutral	146
chrX	1461	neutral	146
chrX	1462	neutral	146
chrX	1463	neutral	146
chrX	1464	neutral	146
chrX	1465	neutral	147
chrX	1466	neutral	147
chrX	1467	neutral	147
chrX	1468	neutral	147
chrX	1469	neutral	147
chrX	1470	neutral	147
chrX	1471	neutral	147
chrX	1472	neutral	147
chrX	1473	neutral	148
chrX	1474	neutral	148
chrX	1475	neutral	148
chrX	1476	neutral	148
chrX	1477	neutral	148
chrX	1478	neutral	148
chrX	1479	neutral	148
chrX	1480	neutral	148
chrX	1481	neutral	148
chrX	1482	neutral	148
chrX	1483	neutral	.
chrX	1484	neutral	149
chrX	1485	neutral	149
chrX	1486	neutral	149
chrX	1487	neutral	149
chrX	1488	neutral	149
chrX	1489	neutral	149
chrX	1490	neutral	149
chrX	1491	neutral	149
chrX	1492	neutral	150
chrX	1493	neutral	150
chrX	1494	neutral	150
chrX	1495	neutral	150
chrX	1496	neutral	150
chrX	1497	neutral	150
chrX	1498	neutral	151
chrX	1499	neutral	151
chrX	1500	neutral	151
chrX	1501	neutral	151
chrX	1502	neutral	151
chrX	1503	neutral	151
chrX	1504	neutral	152
chrX	1505	neutral	152
chrX	1506	neutral	152
chrX	1507	neutral	152
chrX	1508	neutral	152
chrX	1509	neutral	152
chrX	1510	neutral	152
chrX	1511	neutral	152
chrX	1512	neutral	152
chrX	1513	neutral	152
chrX	1514	neutral	152
chrX	1515	neutral	152
chrX	1516	neutral	152
chrX	1517	neutral	152
chrX	1518	neutral	152
chrX	1519	neutral	153
chrX	1520	neutral	153
chrX	1521	neutral	153
chrX	1522	neutral	153
chrX	1523	neutral	154
chrX	1524	neutral	154
chrX	1525	neutral	154
chrX	1526	neutral	154
chrX	1527	neutral	154
chrX	1528	neutral	154
chrX	1529	neutral	154
chrX	1530	neutral	154
chrX	1531	neutral	154
chrX	1532	neutral	154
chrX	1533	neutral	154
chrX	1534	neutral	154
chrX	1535	neutral	155
chrX	1536	neutral	155
chrX	1537	neutral	155
chrX	1538	neutral	155
chrX	1539	neutral	155
chrX	1540	neutral	155
chrX	1541	neutral	155
chrX	1542	neutral	155
chrX	1543	neutral	155
chrX	1544	neutral	155
chrX	1545	neutral	155
chrX	1546	neutral	155
chrX	1547	neutral	155
chrX	1548	neutral	156
chrX	1549	neutral	156
chrX	1550	neutral	156
chrX	1551	neutral	156
chrX	1552	neutral	156
chrX	1553	neutral	156
chrX	1554	neutral	156
chrX	1555	neutral	156
chrX	1556	neutral	156
chrX	1557	neutral	156
chrX	1558	neutral	156
chrX	1559	neutral	156
chrX	1560	neutral	157
chrX	1561	neutral	157
chrX	1562	neutral	157
chrX	1563	neutral	157
chrX	1564	neutral	157
chrX	1565	neutral	157
chrX	1566	neutral	157
chrX	1567	neutral	157
chrX	1568	neutral	157
chrX	1569	neutral	158
chrX	1570	neutral	158
chrX	1571	neutral	158
chrX	1572	neutral	158
chrX	1573	neutral	158
chrX	1574	neutral	158
chrX	1575	neutral	158
chrX	1576	neutral	159
chrX	1577	neutral	159
chrX	1578	neutral	159
chrX	1579	neutral	159
chrX	1580	neutral	159
chrX	1581	neutral	159
chrX	1582	neutral	159
chrX	1583	neutral	160
chrX	1584	neutral	160
chrX	1585	neutral	160
chrX	1586	neutral	160
chrX	1587	neutral	160
chrX	1588	neutral	160
chrX	1589	neutral	160
chrX	1590	neutral	160
chrX	1591	neutral	.
chrX	1592	neutral	.
chrX	1593	neutral	.
chrX	1594	neutral	.
chrX	1595	neutral	161
chrX	1596	neutral	161
chrX	1597	neutral	161
chrX	1598	neutral	161
chrX	1599	neutral	161
chrX	1600	polycomb	162
chrX	1601	polycomb	162
chrX	1602	polycomb	162
chrX	1603	polycomb	162
chrX	1604	polycomb	162
chrX	1605	polycomb	162
chrX	1606	polycomb	162
chrX	1607	polycomb	162
chrX	1608	polycomb	162
chrX	1609	polycomb	162
chrX	1610	polycomb	162
chrX	1611	polycomb	162
chrX	1612	polycomb	162
chrX	1613	polycomb	162
chrX	1614	polycomb	162
chrX	1615	polycomb	162
chrX	1616	neutral	163
chrX	1617	neutral	163
chrX	1618	neutral	163
chrX	1619	neutral	163
chrX	1620	neutral	163
chrX	1621	neutral	164
chrX	1622	neutral	164
chrX	1623	neutral	164
chrX	1624	neutral	164
chrX	1625	neutral	164
chrX	1626	neutral	164
chrX	1627	neutral	164
chrX	1628	neutral	165
chrX	1629	neutral	165
chrX	1630	neutral	165
chrX	1631	neutral	165
chrX	1632	neutral	165
chrX	1633	neutral	165
chrX	1634	neutral	166
chrX	1635	neutral	166
chrX	1636	neutral	166
chrX	1637	neutral	166
chrX	1638	neutral	166
chrX	1639	neutral	166
chrX	1640	neutral	166
chrX	1641	neutral	166
chrX	1642	neutral	166
chrX	1643	neutral	166
chrX	1644	neutral	167
chrX	1645	neutral	167
chrX	1646	neutral	167
chrX	1647	neutral	167
chrX	1648	neutral	167
chrX	1649	neutral	167
chrX	1650	neutral	167
chrX	1651	neutral	167
chrX	1652	neutral	167
chrX	1653	neutral	168
chrX	1654	neutral	168
chrX	1655	neutral	168
chrX	1656	neutral	168
chrX	1657	neutral	168
chrX	1658	neutral	169
chrX	1659	neutral	169
chrX	1660	neutral	169
chrX	1661	neutral	169
chrX	1662	neutral	169
chrX	1663	neutral	169
chrX	1664	neutral	169
chrX	1665	neutral	169
chrX	1666	neutral	169
chrX	1667	neutral	169
chrX	1668	neutral	170
chrX	1669	neutral	170
chrX	1670	neutral	170
chrX	1671	neutral	170
chrX	1672	neutral	170
chrX	1673	neutral	171
chrX	1674	neutral	171
chrX	1675	neutral	171
chrX	1676	neutral	171
chrX	1677	neutral	171
chrX	1678	neutral	171
chrX	1679	neutral	171
chrX	1680	neutral	171
chrX	1681	neutral	171
chrX	1682	neutral	171
chrX	1683	neutral	.
chrX	1684	neutral	.
chrX	1685	neutral	.
chrX	1686	neutral	172
chrX	1687	neutral	172
chrX	1688	neutral	172
chrX	1689	neutral	172
chrX	1690	neutral	172
chrX	1691	neutral	172
chrX	1692	neutral	172
chrX	1693	neutral	172
chrX	1694	neutral	172
chrX	1695	neutral	.
chrX	1696	neutral	173
chrX	1697	neutral	173
chrX	1698	neutral	173
chrX	1699	neutral	173
chrX	1700	neutral	173
chrX	1701	neutral	173
chrX	1702	neutral	173
chrX	1703	neutral	173
chrX	1704	neutral	173
chrX	1705	neutral	174
chrX	1706	neutral	174
chrX	1707	neutral	174
chrX	1708	neutral	174
chrX	1709	neutral	174
chrX	1710	neutral	174
chrX	1711	neutral	174
chrX	1712	neutral	174
chrX	1713	neutral	174
chrX	1714	neutral	174
chrX	1715	neutral	174
chrX	1716	neutral	174
chrX	1717	neutral	174
chrX	1718	neutral	174
chrX	1719	inactive	175
chrX	1720	inactive	175
chrX	1721	inactive	175
chrX	1722	inactive	175
chrX	1723	inactive	175
chrX	1724	inactive	175
chrX	1725	inactive	175
chrX	1726	inactive	175
chrX	1727	inactive	175
chrX	1728	inactive	175
chrX	1729	inactive	175
chrX	1730	inactive	175
chrX	1731	inactive	175
chrX	1732	inactive	175
chrX	1733	inactive	175
chrX	1734	inactive	175
chrX	1735	neutral	176
chrX	1736	neutral	176
chrX	1737	neutral	176
chrX	1738	neutral	176
chrX	1739	neutral	176
chrX	1740	neutral	176
chrX	1741	neutral	176
chrX	1742	neutral	176
chrX	1743	neutral	177
chrX	1744	neutral	177
chrX	1745	neutral	177
chrX	1746	neutral	177
chrX	1747	neutral	177
chrX	1748	neutral	177
chrX	1749	neutral	177
chrX	1750	neutral	177
chrX	1751	neutral	177
chrX	1752	neutral	178
chrX	1753	neutral	178
chrX	1754	neutral	178
chrX	1755	neutral	178
chrX	1756	neutral	178
chrX	1757	neutral	178
chrX	1758	neutral	178
chrX	1759	neutral	178
chrX	1760	neutral	179
chrX	1761	neutral	179
chrX	1762	neutral	179
chrX	1763	neutral	179
chrX	1764	polycomb	180
chrX	1765	polycomb	180
chrX	1766	polycomb	180
chrX	1767	polycomb	180
chrX	1768	polycomb	180
chrX	1769	polycomb	180
chrX	1770	polycomb	180
chrX	1771	polycomb	180
chrX	1772	neutral	181
chrX	1773	neutral	181
chrX	1774	neutral	181
chrX	1775	neutral	181
chrX	1776	neutral	181
chrX	1777	neutral	181
chrX	1778	neutral	.
chrX	1779	neutral	.
chrX	1780	neutral	182
chrX	1781	neutral	182
chrX	1782	neutral	182
chrX	1783	neutral	182
chrX	1784	neutral	182
chrX	1785	neutral	182
chrX	1786	neutral	182
chrX	1787	neutral	182
chrX	1788	neutral	182
chrX	1789	neutral	182
chrX	1790	neutral	182
chrX	1791	neutral	182
chrX	1792	neutral	182
chrX	1793	neutral	182
chrX	1794	neutral	182
chrX	1795	neutral	182
chrX	1796	neutral	182
chrX	1797	neutral	182
chrX	1798	neutral	183
chrX	1799	neutral	183
chrX	1800	neutral	183
chrX	1801	neutral	183
chrX	1802	neutral	183
chrX	1803	neutral	184
chrX	1804	neutral	184
chrX	1805	neutral	184
chrX	1806	neutral	184
chrX	1807	neutral	184
chrX	1808	neutral	184
chrX	1809	neutral	184
chrX	1810	neutral	184
chrX	1811	neutral	184
chrX	1812	neutral	184
chrX	1813	neutral	185
chrX	1814	neutral	185
chrX	1815	neutral	185
chrX	1816	neutral	185
chrX	1817	neutral	185
chrX	1818	neutral	185
chrX	1819	neutral	185
chrX	1820	neutral	185
chrX	1821	neutral	185
chrX	1822	neutral	185
chrX	1823	neutral	185
chrX	1824	neutral	185
chrX	1825	neutral	185
chrX	1826	neutral	185
chrX	1827	neutral	186
chrX	1828	neutral	186
chrX	1829	neutral	186
chrX	1830	neutral	186
chrX	1831	neutral	186
chrX	1832	neutral	186
chrX	1833	neutral	186
chrX	1834	neutral	186
chrX	1835	neutral	186
chrX	1836	neutral	186
chrX	1837	neutral	186
chrX	1838	neutral	186
chrX	1839	neutral	186
chrX	1840	neutral	187
chrX	1841	neutral	187
chrX	1842	neutral	187
chrX	1843	neutral	187
chrX	1844	neutral	187
chrX	1845	neutral	188
chrX	1846	neutral	188
chrX	1847	neutral	188
chrX	1848	neutral	188
chrX	1849	neutral	188
chrX	1850	neutral	188
chrX	1851	neutral	188
chrX	1852	neutral	188
chrX	1853	neutral	188
chrX	1854	neutral	189
chrX	1855	neutral	189
chrX	1856	neutral	189
chrX	1857	neutral	189
chrX	1858	neutral	189
chrX	1859	neutral	189
chrX	1860	neutral	189
chrX	1861	neutral	189
chrX	1862	neutral	189
chrX	1863	neutral	189
chrX	1864	neutral	189
chrX	1865	neutral	189
chrX	1866	neutral	189
chrX	1867	neutral	190
chrX	1868	neutral	190
chrX	1869	neutral	190
chrX	1870	neutral	190
chrX	1871	neutral	190
chrX	1872	neutral	190
chrX	1873	neutral	190
chrX	1874	neutral	190
chrX	1875	neutral	190
chrX	1876	neutral	191
chrX	1877	neutral	191
chrX	1878	neutral	191
chrX	1879	neutral	191
chrX	1880	neutral	192
chrX	1881	neutral	192
chrX	1882	neutral	192
chrX	1883	neutral	192
chrX	1884	neutral	192
chrX	1885	neutral	192
chrX	1886	neutral	192
chrX	1887	neutral	192
chrX	1888	neutral	192
chrX	1889	neutral	192
chrX	1890	neutral	192
chrX	1891	neutral	192
chrX	1892	neutral	192
chrX	1893	neutral	193
chrX	1894	neutral	193
chrX	1895	neutral	193
chrX	1896	neutral	193
chrX	1897	neutral	193
chrX	1898	neutral	193
chrX	1899	neutral	193
chrX	1900	neutral	193
chrX	1901	neutral	193
chrX	1902	neutral	193
chrX	1903	neutral	193
chrX	1904	neutral	193
chrX	1905	neutral	194
chrX	1906	neutral	194
chrX	1907	neutral	194
chrX	1908	neutral	194
chrX	1909	neutral	194
chrX	1910	neutral	195
chrX	1911	neutral	195
chrX	1912	neutral	195
chrX	1913	neutral	195
chrX	1914	neutral	195
chrX	1915	neutral	195
chrX	1916	neutral	196
chrX	1917	neutral	196
chrX	1918	neutral	196
chrX	1919	neutral	196
chrX	1920	neutral	196
chrX	1921	neutral	196
chrX	1922	neutral	197
chrX	1923	neutral	197
chrX	1924	neutral	197
chrX	1925	neutral	197
chrX	1926	neutral	197
chrX	1927	neutral	197
chrX	1928	neutral	197
chrX	1929	neutral	197
chrX	1930	neutral	197
chrX	1931	neutral	197
chrX	1932	neutral	197
chrX	1933	neutral	.
chrX	1934	neutral	198
chrX	1935	neutral	198
chrX	1936	neutral	198
chrX	1937	neutral	198
chrX	1938	neutral	198
chrX	1939	neutral	199
chrX	1940	neutral	199
chrX	1941	neutral	199
chrX	1942	neutral	199
chrX	1943	neutral	199
chrX	1944	neutral	199
chrX	1945	neutral	199
chrX	1946	neutral	199
chrX	1947	neutral	199
chrX	1948	neutral	199
chrX	1949	neutral	200
chrX	1950	neutral	200
chrX	1951	neutral	200
chrX	1952	neutral	200
chrX	1953	neutral	200
chrX	1954	neutral	200
chrX	1955	neutral	200
chrX	1956	neutral	201
chrX	1957	neutral	201
chrX	1958	neutral	201
chrX	1959	neutral	201
chrX	1960	neutral	201
chrX	1961	neutral	201
chrX	1962	neutral	201
chrX	1963	neutral	201
chrX	1964	neutral	201
chrX	1965	neutral	201
chrX	1966	neutral	202
chrX	1967	neutral	202
chrX	1968	neutral	202
chrX	1969	neutral	202
chrX	1970	neutral	202
chrX	1971	neutral	202
chrX	1972	neutral	202
chrX	1973	neutral	202
chrX	1974	neutral	202
chrX	1975	neutral	202
chrX	1976	neutral	203
chrX	1977	neutral	203
chrX	1978	neutral	203
chrX	1979	neutral	203
chrX	1980	neutral	.
chrX	1981	neutral	.
chrX	1982	neutral	.
chrX	1983	neutral	.
chrX	1984	neutral	.
chrX	1985	neutral	204
chrX	1986	neutral	204
chrX	1987	neutral	204
chrX	1988	neutral	204
chrX	1989	neutral	204
chrX	1990	neutral	204
chrX	1991	neutral	204
chrX	1992	neutral	204
chrX	1993	neutral	204
chrX	1994	neutral	204
chrX	1995	neutral	204
chrX	1996	neutral	204
chrX	1997	neutral	204
chrX	1998	neutral	204
chrX	1999	neutral	204
chrX	2000	neutral	204
chrX	2001	neutral	204
chrX	2002	neutral	204
chrX	2003	neutral	204
chrX	2004	neutral	204
chrX	2005	neutral	.
chrX	2006	neutral	.
chrX	2007	neutral	.
chrX	2008	neutral	.
chrX	2009	neutral	.
chrX	2010	neutral	205
chrX	2011	neutral	205
chrX	2012	neutral	205
chrX	2013	neutral	205
chrX	2014	neutral	205
chrX	2015	neutral	205
chrX	2016	neutral	.
chrX	2017	neutral	.
chrX	2018	neutral	.
chrX	2019	neutral	.
chrX	2020	neutral	.
chrX	2021	neutral	.
chrX	2022	neutral	.
chrX	2023	neutral	206
chrX	2024	neutral	206
chrX	2025	neutral	206
chrX	2026	neutral	206
chrX	2027	neutral	206
chrX	2028	neutral	206
chrX	2029	neutral	206
chrX	2030	neutral	206
chrX	2031	neutral	207
chrX	2032	neutral	207
chrX	2033	neutral	207
chrX	2034	neutral	207
chrX	2035	neutral	207
chrX	2036	neutral	207
chrX	2037	neutral	207
chrX	2038	neutral	207
chrX	2039	neutral	207
chrX	2040	neutral	208
chrX	2041	neutral	208
chrX	2042	neutral	208
chrX	2043	neutral	208
chrX	2044	neutral	208
chrX	2045	neutral	208
chrX	2046	neutral	208
chrX	2047	neutral	208
chrX	2048	neutral	208
chrX	2049	neutral	208
chrX	2050	polycomb	209
chrX	2051	polycomb	209
chrX	2052	polycomb	209
chrX	2053	polycomb	209
chrX	2054	polycomb	209
chrX	2055	polycomb	209
chrX	2056	polycomb	209
chrX	2057	polycomb	209
chrX	2058	polycomb	209
chrX	2059	polycomb	209
chrX	2060	polycomb	209
chrX	2061	polycomb	209
chrX	2062	polycomb	209
chrX	2063	neutral	210
chrX	2064	neutral	210
chrX	2065	neutral	210
chrX	2066	neutral	210
chrX	2067	neutral	210
chrX	2068	neutral	210
chrX	2069	neutral	210
chrX	2070	neutral	210
chrX	2071	neutral	.
chrX	2072	neutral	211
chrX	2073	neutral	211
chrX	2074	neutral	211
chrX	2075	neutral	211
chrX	2076	neutral	211
chrX	2077	neutral	211
chrX	2078	neutral	211
chrX	2079	neutral	211
chrX	2080	neutral	211
chrX	2081	neutral	211
chrX	2082	neutral	211
chrX	2083	neutral	211
chrX	2084	neutral	211
chrX	2085	neutral	211
chrX	2086	neutral	211
chrX	2087	neutral	211
chrX	2088	neutral	211
chrX	2089	neutral	211
chrX	2090	neutral	.
chrX	2091	neutral	.
chrX	2092	neutral	212
chrX	2093	neutral	212
chrX	2094	neutral	212
chrX	2095	neutral	212
chrX	2096	neutral	212
chrX	2097	neutral	212
chrX	2098	neutral	212
chrX	2099	neutral	213
chrX	2100	neutral	213
chrX	2101	neutral	213
chrX	2102	neutral	213
chrX	2103	neutral	213
chrX	2104	neutral	213
chrX	2105	neutral	213
chrX	2106	neutral	213
chrX	2107	neutral	213
chrX	2108	neutral	213
chrX	2109	neutral	213
chrX	2110	neutral	214
chrX	2111	neutral	214
chrX	2112	neutral	214
chrX	2113	neutral	214
chrX	2114	neutral	214
chrX	2115	neutral	214
chrX	2116	neutral	214
chrX	2117	neutral	214
chrX	2118	neutral	214
chrX	2119	neutral	215
chrX	2120	neutral	215
chrX	2121	neutral	215
chrX	2122	neutral	215
chrX	2123	neutral	215
chrX	2124	neutral	215
chrX	2125	neutral	216
chrX	2126	neutral	216
chrX	2127	neutral	216
chrX	2128	neutral	216
chrX	2129	neutral	216
chrX	2130	neutral	216
chrX	2131	neutral	216
chrX	2132	neutral	216
chrX	2133	neutral	216
chrX	2134	neutral	216
chrX	2135	neutral	216
chrX	2136	neutral	216
chrX	2137	neutral	216
chrX	2138	neutral	216
chrX	2139	neutral	216
chrX	2140	neutral	.
chrX	2141	neutral	.
chrX	2142	neutral	217
chrX	2143	neutral	217
chrX	2144	neutral	217
chrX	2145	neutral	217
chrX	2146	neutral	217
chrX	2147	neutral	217
chrX	2148	neutral	.
chrX	2149	neutral	.
chrX	2150	neutral	.
chrX	2151	neutral	.
chrX	2152	neutral	.
chrX	2153	neutral	.
chrX	2154	neutral	.
chrX	2155	neutral	.
chrX	2156	neutral	.
chrX	2157	neutral	.
chrX	2158	neutral	.
chrX	2159	neutral	.
chrX	2160	neutral	.
chrX	2161	neutral	.
chrX	2162	neutral	.
chrX	2163	neutral	.
chrX	2164	neutral	.
chrX	2165	neutral	.
chrX	2166	neutral	.
chrX	2167	neutral	.
chrX	2168	neutral	.
chrX	2169	neutral	.
chrX	2170	neutral	.
chrX	2171	neutral	.
chrX	2172	neutral	.
chrX	2173	neutral	.
chrX	2174	neutral	.
chrX	2175	neutral	.
chrX	2176	neutral	.
chrX	2177	neutral	.
chrX	2178	neutral	.
chrX	2179	neutral	.
chrX	2180	neutral	.
chrX	2181	neutral	.
chrX	2182	neutral	.
chrX	2183	neutral	.
chrX	2184	neutral	218
chrX	2185	neutral	218
chrX	2186	neutral	218
chrX	2187	neutral	218
chrX	2188	neutral	218
chrX	2189	neutral	218
chrX	2190	neutral	218
chrX	2191	neutral	218
chrX	2192	neutral	218
chrX	2193	neutral	218
chrX	2194	neutral	218
chrX	2195	neutral	.
chrX	2196	neutral	219
chrX	2197	neutral	219
chrX	2198	neutral	219
chrX	2199	neutral	219
chrX	2200	neutral	219
chrX	2201	neutral	219
chrX	2202	neutral	219
chrX	2203	neutral	219
chrX	2204	neutral	219
chrX	2205	neutral	219
chrX	2206	neutral	.
chrX	2207	neutral	.
chrX	2208	neutral	.
chrX	2209	neutral	.
chrX	2210	neutral	.
chrX	2211	neutral	220
chrX	2212	neutral	220
chrX	2213	neutral	220
chrX	2214	neutral	220
chrX	2215	neutral	220
chrX	2216	neutral	220
chrX	2217	neutral	220
chrX	2218	neutral	220
chrX	2219	neutral	220
chrX	2220	neutral	220
chrX	2221	neutral	.
chrX	2222	neutral	221
chrX	2223	neutral	221
chrX	2224	neutral	221
chrX	2225	neutral	221
chrX	2226	neutral	221
chrX	2227	neutral	221
chrX	2228	neutral	221
chrX	2229	neutral	221
chrX	2230	neutral	221
chrX	2231	neutral	221
chrX	2232	neutral	221
chrX	2233	neutral	221
chrX	2234	neutral	221
chrX	2235	neutral	221
chrX	2236	neutral	221
chrX	2237	neutral	221
chrX	2238	neutral	221
chrX	2239	neutral	221
chrX	2240	neutral	.
chrX	2241	neutral	.
